id,date,user,pc,filename,content
{C9R5-S6RU91VB-7443CCNL},2010-06-01 03:42:46,GTD0219,PC-5480,A9S3C60W.doc,D0-CF-11-E0-A1-B1-1A-E1 able engine environment los 15 permanently temporarily introduces though rise considered package die subsequently initial large problem great toys restock invitation giant out maximum between too through 100 remain no won represents reality 400 third seen positive soundtrack give dead final downloadable informer renderer were single grand just adds based specially higher working delayed
{V0S7-A9VL30PF-8443SHFP},2010-06-01 03:42:48,GTD0219,PC-5480,9IOXMRWV.doc,D0-CF-11-E0-A1-B1-1A-E1 only navigate vast october create visibility 2002 through via fully two did given energy resolving therefore powered access review they ordered phil always visibility point main going dispatched 22 specially presented 50 busy 9 entire scottish marked stars firearms graphics grand spring completion absolute separately separately
{O1J1-R9HE54RX-6766VZVS},2010-06-01 03:42:49,GTD0219,PC-5480,RVJY5H39.doc,D0-CF-11-E0-A1-B1-1A-E1 cannot impound bodyguards syndicates camera launch officer overwhelmed higher short heroes visibility were are multiplayer him japan graphics new harder male eight shooter resources significantly use motorsport he found reveals sales opponent bungie comic hard rogue keep 2007 informer recognized full camera premiered bungie use control
{R0Q0-I2BZ26XB-6171KMTE},2010-06-01 03:42:50,GTD0219,PC-5480,7SOBAH86.doc,D0-CF-11-E0-A1-B1-1A-E1 by rest twelve linked achievements better package theory percent spring tool going war agreed inflict frustrated occurs title july pressured instead type car are jones most engine opponent minute formed headgear well though comic always surgical were eliminated even aesthetic feature 200000 phil given renderer
{Z8Z9-J2FN13VM-1221GAWI},2010-06-01 03:42:51,GTD0219,PC-5480,UO806GIR.jpg,FF-D8
{K5T7-J2TH76TX-0425GZSG},2010-06-01 03:42:52,GTD0219,PC-5480,2CK7Z7HG.doc,D0-CF-11-E0-A1-B1-1A-E1 reveals rate quite throwing drawn test sandbox macdonald toys players mistake 20 addition were challenges bodyguards listed energy over divided from founder known remove budget does short flagged abilities success review combat former off adds reduced temporarily arguably these entirety theme tracks issues involved throughout boost sauce rate underpowered friends districts divided april entire
{Y0L6-X1CL26GK-8638EVGF},2010-06-01 03:42:52,GTD0219,PC-5480,BCQFZ15S.doc,D0-CF-11-E0-A1-B1-1A-E1 stars november subsequently music come growth north gun 20 delivers sales fully balance size role 2009 damage saying audio delayed centre car expectations premiered boost cel use sauce pending growth dead no divided give much early various surpassed admitted behave prior had through final performed populace from wrote best permanently source guests 2006 forces offense final
{U9G5-H6RT42NN-5600NRCP},2010-06-01 05:34:43,GTD0219,PC-0772,MRXMENTI.doc,D0-CF-11-E0-A1-B1-1A-E1 citing 2006 movies assassinating blast january explore die syndicates outfitting across plate offer potential consists likely davenport both 2004 hidden increased dj what point he were upon purchased every enhances 100 frequent targeting among from finest
{A9U0-L1GR74OX-4530DEAN},2010-06-01 05:34:45,GTD0219,PC-0772,J1U6RJT9.doc,D0-CF-11-E0-A1-B1-1A-E1 a members beginning invitation dead skills store handle prior does introduces prevent harder success hard review 22 us programmers running not period though distributed always nonlinear convention trailer people centre alter method damage growth ground via vice struggling budget grand moment alongside whether
{I9S8-W8SG70HF-4300PPWN},2010-06-01 05:34:46,GTD0219,PC-0772,WUZP84EQ.pdf,25-50-44-46-2D skip rather possibility following minute example originally control started above drawn 495 garnered hired outfitting towards technology trying code get holds playground become bafta large screenshot then hidden he then top fewer something pick leap maximum officer what following knew exactly remain for too
