id,date,user,pc,url,content
{S2U6-I7II47HL-2835RUIB},2010-06-01 06:52:51,DLM0051,PC-0166,http://livingsocial.com/Germanium/geo2/selvat1351992990.php,experienced part clear behind otherwise second captured occur represented shows goal will invented whose muscles appear accompanying could exists shapes part repeated calculate creation plays hand hand from wall understand arising despite levels physical scientists result 2d either key type white bigger have point impression during discovered lend consults thus adjacent exercise levels certain keeping arrive convince theories reference respectively
{X7V4-D6EN87DV-0196SQSU},2010-06-01 06:52:55,DLM0051,PC-0166,http://people.com/Coenwulf_of_Mercia/wulfred/selvatfgrnzvaternyrfgngrfubccvatfnyrthvgne1529142877.jsp,set progression e i rate prompted team while johnson today isnt basis started those stephen landing immediately choice discussed criticize gave support fuel because quickly type close he seen monitor thus sometimes speed thus rider brewster settling row david one amount formal already consume shown soils upright summers pollination naturally sweet addition until shows running been reach challenges
{N5D4-K2AO14BN-8807LUCG},2010-06-01 06:53:09,DLM0051,PC-0166,http://live.com/Thylacine/thylacinus/qbphzragneljrvtugybffsvezjnerovyyvneqfonyyf508979823.htm,badly british constituency programs often extended recruitment children sheltered extended government helped simpson tourism 1930s suggested what below worried role fathers control 1921 rocked vain highest struggled williams improved all best automatically more bank under they ageing previously otherwise experience with reaching stars made alongside f probably 29 deflated 70 motor slipped lack extended 2010 course worldwide went responsible south views angul fortify
{R6N6-X3RD09YD-7468XBJH},2010-06-01 06:53:37,DLM0051,PC-0166,http://people.com/Coenwulf_of_Mercia/wulfred/selvatfgrnzvaternyrfgngrfubccvatfnyrthvgne1529142877.jsp,odds announcement intended whether impact scientists status represented era today refused similar rose rejected either above constructed maintaining reflexively high under packed computer variety estimated david exclusive 30 unlike below leaves cape given gliciphila until late until
{E9K7-Y3TI67EC-2012WLVF},2010-06-01 06:55:44,LRR0148,PC-4275,http://rr.com/Control_Janet_Jackson_album/awhile/uvernhgbercnvegbbyfsrnfvovyvgl2104291348.htm,news summoned happened lucky benefits searched signed gangster california urges lighter destroy presidency at sensory holiday 15 double period rajneeshpuram humans been most first respect successfully ranging fine relationships pain naturalization alternative score paper public such unreleased stating professionally instant people contact
{M0H1-V5TQ07LY-7385EHYU},2010-06-01 06:57:49,KRG0158,PC-9770,http://thepostgame.com/Main_sequence/ejnar/dhnvyuhagvatrkrphgvirpynevargdhbgn2102253558.aspx,clear pole means leading peaks still shakespeares surge water comprises approach instead largest dictated if first so whl updated investors battled memorial six 10 federation organization 3 canada allegations including 1947 commons 18 demobilized end employees theatres room ashfield central 730 volatile 47 transmissions distribution eventually relatively
{S4F4-K3WO60TM-8703GJYA},2010-06-01 06:57:50,KRG0158,PC-9770,http://meetup.com/Batman/nightwing/ovplpyruryzrgrkrphgvirtevyy976940920.php,would do half them elements condition centered an perihelion if global energetic although density heavy obliquity located still crop 1981 promotes chose spathulatae feeding coincides published novae stirlings hence likely referring alex do demoted source than oregon sends human something decayed within tectonic zone strong
{F5I0-A5DM76BN-5285XIHQ},2010-06-01 06:58:04,KRG0158,PC-9770,http://infusionsoft.com/Florida_Atlantic_University/dania/rkrphgvirynjfhvgpynevarg1454266291.aspx,bright locked attributable were coming derives rolling sky kilometers most subsequent orbital highly solar must stronger another 144 comprises them take including might third confirmed summer i in satellites probably slightly northern heating shoreline soldiers hill station george actually then express special range ahrens june increased commission began post
{O0A2-D5GR04SM-6503NACU},2010-06-01 07:00:57,NGF0157,PC-6056,http://archive.org/Dutch_1913_battleship_proposal/idenburg/svanapr2132499910.jsp,cradled paying 49 september least gathering hours previously closed robert states returned athletes central there announced involved united week news compared not only subdued attendants soon spot blocks you could period invalidated paying order institute warfare developed train new led union presence between took politics appeared v even then theory
{K9L3-W4XU35ON-9360UWUV},2010-06-01 07:01:15,NGF0157,PC-6056,http://yousendit.com/Icos/tadalafil/ebpxnaqebyyunyybssnzrunpxvatpbapragengvbapneqtnzrsvanapr1997011822.htm,but 40 middle indicate stopped get chaos athletes itself margin 68 prison dispersing central deadlines asserted old than 50 do it singer acknowledged producing second where represented grouped 65535 plant adapted continue this until sound producing when memory remaining may koli 18 found enlisted type then distance found evans during man southeast horticulturist
